{"cameraMode":{"drawMode":0,"name":"Shaded","section":"Shading Mode"},"sceneLighting":false,"audioPlay":false,"sceneViewState":{"m_AlwaysRefresh":false,"showFog":true,"showSkybox":false,"showFlares":true,"showImageEffects":true,"showParticleSystems":true,"showVisualEffectGraphs":true,"m_FxEnabled":true},"in2DMode":false,"pivot":{"x":24.939655303955079,"y":1.9412089586257935,"z":19.037748336791993},"rotation":{"x":-0.0012650943826884032,"y":0.6804434061050415,"z":0.0012830565683543683,"w":0.7330090403556824},"size":2.767592430114746,"orthographic":false}