{"cameraMode":{"drawMode":0,"name":"Shaded","section":"Shading Mode"},"sceneLighting":false,"audioPlay":false,"sceneViewState":{"m_AlwaysRefresh":false,"showFog":true,"showSkybox":false,"showFlares":true,"showImageEffects":true,"showParticleSystems":true,"showVisualEffectGraphs":true,"m_FxEnabled":true},"in2DMode":false,"pivot":{"x":-0.13365626335144044,"y":-0.10880284011363983,"z":0.6570963859558106},"rotation":{"x":0.11057569086551666,"y":-0.7805517315864563,"z":0.144194558262825,"w":0.5983349084854126},"size":1.2297561168670655,"orthographic":false}