{"cameraMode":{"drawMode":0,"name":"Shaded","section":"Shading Mode"},"sceneLighting":false,"audioPlay":false,"sceneViewState":{"m_AlwaysRefresh":false,"showFog":true,"showSkybox":false,"showFlares":true,"showImageEffects":true,"showParticleSystems":true,"showVisualEffectGraphs":true,"m_FxEnabled":true},"in2DMode":false,"pivot":{"x":-0.00012502074241638184,"y":0.12999999523162843,"z":1.1200000047683716},"rotation":{"x":0.11666470021009445,"y":-0.7111750245094299,"z":0.1214662566781044,"w":0.6827530860900879},"size":0.8609015345573425,"orthographic":false}