{"cameraMode":{"drawMode":0,"name":"Shaded","section":"Shading Mode"},"sceneLighting":false,"audioPlay":false,"sceneViewState":{"m_AlwaysRefresh":false,"showFog":true,"showSkybox":false,"showFlares":true,"showImageEffects":true,"showParticleSystems":true,"showVisualEffectGraphs":true,"m_FxEnabled":true},"in2DMode":false,"pivot":{"x":1.3571498394012452,"y":0.7117007374763489,"z":1.6016846895217896},"rotation":{"x":0.04727722331881523,"y":-0.9114129543304443,"z":0.3942944407463074,"w":0.10937463492155075},"size":0.5466017127037048,"orthographic":false}