{"cameraMode":{"drawMode":0,"name":"Shaded","section":"Shading Mode"},"sceneLighting":false,"audioPlay":false,"sceneViewState":{"m_AlwaysRefresh":false,"showFog":true,"showSkybox":true,"showFlares":true,"showImageEffects":true,"showParticleSystems":true,"showVisualEffectGraphs":true,"m_FxEnabled":true},"in2DMode":false,"pivot":{"x":1.3977274894714356,"y":-10.625340461730957,"z":-33.591392517089847},"rotation":{"x":-0.07118894159793854,"y":0.9287523627281189,"z":-0.26304924488067629,"w":-0.25135570764541628},"size":17.082805633544923,"orthographic":false}