{"cameraMode":{"drawMode":0,"name":"Shaded","section":"Shading Mode"},"sceneLighting":false,"audioPlay":false,"sceneViewState":{"m_AlwaysRefresh":false,"showFog":true,"showSkybox":false,"showFlares":true,"showImageEffects":true,"showParticleSystems":true,"showVisualEffectGraphs":true,"m_FxEnabled":true},"in2DMode":false,"pivot":{"x":-0.0017092227935791016,"y":0.96104896068573,"z":-0.01502692699432373},"rotation":{"x":0.02811419405043125,"y":-0.7191411256790161,"z":0.029137302190065385,"w":0.6937083005905151},"size":1.3114876747131348,"orthographic":false}