{"cameraMode":{"drawMode":0,"name":"Shaded","section":"Shading Mode"},"sceneLighting":false,"audioPlay":false,"sceneViewState":{"m_AlwaysRefresh":false,"showFog":true,"showSkybox":false,"showFlares":true,"showImageEffects":true,"showParticleSystems":true,"showVisualEffectGraphs":true,"m_FxEnabled":true},"in2DMode":false,"pivot":{"x":24.417940139770509,"y":1.8394650220870972,"z":19.049999237060548},"rotation":{"x":0.10476329177618027,"y":0.7974041104316711,"z":-0.14484472572803498,"w":0.5766145586967468},"size":2.938009262084961,"orthographic":false}